ticker,status,required_start,earliest_in_db,gap_quarters,rows_added,rows_recomputed,error
A,updated,2010-01-01,2011-02-14,37,38,100,
AA,updated,2010-01-01,2016-12-01,0,1,40,
AAL,ok_no_gap,2014-04-01,2014-01-28,0,0,0,
AAP,ok_no_gap,2014-10-01,2011-02-09,0,0,0,
AAPL,updated,2010-01-01,2011-01-18,22,23,85,
ABBV,updated,2012-04-01,2013-03-15,0,1,55,
ABNB,ok_no_gap,2022-10-01,2021-02-25,0,0,0,
ABT,updated,2010-01-01,2011-01-26,37,38,100,
ACGL,ok_no_gap,2022-01-01,2011-02-14,0,0,0,
ACN,updated,2010-10-01,2011-03-24,35,36,97,
ADBE,updated,2010-01-01,2011-03-22,38,39,100,
ADI,updated,2010-01-01,2011-02-15,37,38,100,
ADM,updated,2010-01-01,2011-02-01,39,40,100,
ADP,updated,2010-01-01,2011-01-26,37,38,100,
ADSK,updated,2010-01-01,2011-02-24,34,35,97,
ADT,updated,2011-10-01,2018-03-15,0,1,35,
AEE,updated,2010-01-01,2011-02-22,37,38,100,
AEP,updated,2010-01-01,2011-01-28,37,38,100,
AES,updated,2010-01-01,2011-02-28,34,35,97,
AFL,updated,2010-01-01,2011-02-01,35,36,98,
AIG,updated,2010-01-01,2011-02-24,37,38,100,
AIZ,updated,2010-01-01,2011-02-02,27,28,90,
AJG,ok_no_gap,2015-07-01,2011-02-01,0,0,0,
AKAM,updated,2010-01-01,2011-02-09,37,38,100,
ALB,ok_no_gap,2015-07-01,2011-01-24,0,0,0,
ALGN,ok_no_gap,2016-07-01,2011-01-26,0,0,0,
ALK,ok_no_gap,2015-07-01,2011-01-25,0,0,0,
ALL,updated,2010-01-01,2011-02-09,35,36,98,
ALLE,updated,2013-01-01,2014-02-19,0,1,51,
ALTR,updated,2010-01-01,2017-11-30,0,1,30,
AMAT,updated,2010-01-01,2011-02-24,37,38,100,
AMCR,updated,2018-07-01,2019-08-20,0,1,29,
AMD,updated,2010-01-01,2011-01-20,37,39,100,
AME,ok_no_gap,2012-10-01,2011-01-27,0,0,0,
AMG,ok_no_gap,2013-07-01,2011-02-01,0,0,0,
AMGN,updated,2010-01-01,2011-01-24,35,36,98,
AMP,updated,2010-01-01,2011-02-02,21,22,84,
AMT,updated,2010-01-01,2011-02-23,34,35,97,
AMTM,updated,2023-10-01,2024-12-16,0,1,8,
AMZN,updated,2010-01-01,2011-01-27,31,32,91,
AN,updated,2010-01-01,2011-02-03,37,38,100,
ANET,ok_no_gap,2017-10-01,2014-08-07,0,0,0,
ANF,updated,2010-01-01,2011-02-16,35,36,98,
ANSS,ok_no_gap,2016-07-01,2011-02-24,0,0,0,
AON,updated,2010-01-01,2011-02-04,37,38,100,
AOS,ok_no_gap,2016-10-01,2011-01-25,0,0,0,
APA,updated,2010-01-01,2011-02-17,34,35,97,
APC,updated,2010-01-01,2026-03-30,0,1,3,
APD,updated,2010-01-01,2011-01-21,37,38,100,
APH,updated,2010-01-01,2011-01-19,34,35,97,
APO,ok_no_gap,2024-01-01,2011-05-12,0,0,0,
APP,ok_no_gap,2024-10-01,2021-05-12,0,0,0,
APTV,updated,2010-01-01,2012-01-26,0,1,59,
ARE,ok_no_gap,2016-04-01,2011-02-02,0,0,0,
ARES,ok_no_gap,2025-01-01,2014-06-10,0,0,0,
ATI,updated,2010-01-01,2011-01-26,37,39,100,
ATO,ok_no_gap,2018-04-01,2011-02-08,0,0,0,
AVB,updated,2010-01-01,2011-02-02,37,38,100,
AVGO,ok_no_gap,2013-07-01,2011-02-23,0,0,0,
AVY,updated,2010-01-01,2011-02-02,37,38,100,
AWK,ok_no_gap,2015-04-01,2011-02-25,0,0,0,
AXON,ok_no_gap,2022-07-01,2011-07-28,0,0,0,
AXP,updated,2010-01-01,2011-01-24,37,38,100,
AYI,ok_no_gap,2015-07-01,2011-01-10,0,0,0,
AZO,updated,2010-01-01,2011-03-01,37,38,100,
BA,updated,2010-01-01,2011-01-26,37,38,100,
BAC,updated,2010-01-01,2011-01-21,35,36,98,
BALL,updated,2010-01-01,2011-01-27,35,36,98,
BAX,updated,2010-01-01,2011-01-27,37,38,99,
BBBY,updated,2010-01-01,2011-02-28,33,34,90,
BBWI,updated,2010-01-01,2011-02-23,37,38,100,
BBY,updated,2010-01-01,2011-03-24,32,33,95,
BDX,updated,2010-01-01,2011-02-07,37,38,100,
BEAM,updated,2010-01-01,2020-03-30,0,1,27,
BEN,updated,2010-01-01,2011-01-27,37,38,100,
BF-B,updated,2010-01-01,2011-03-08,36,36,97,
BG,ok_no_gap,2022-04-01,2011-02-10,0,0,0,
BHF,updated,2016-10-01,2017-08-10,0,1,37,
BIIB,updated,2010-01-01,2011-02-01,37,38,100,
BIO,ok_no_gap,2019-07-01,2011-02-24,0,0,0,
BKNG,updated,2010-01-01,2011-02-23,30,31,93,
BKR,updated,2016-10-01,2017-07-28,0,1,37,
BLDR,ok_no_gap,2023-01-01,2011-02-17,0,0,0,
BLK,updated,2010-04-01,2022-07-15,10,11,27,
BMY,updated,2010-01-01,2011-01-27,37,38,100,
BNY,updated,2010-01-01,2011-01-20,37,38,100,
BR,ok_no_gap,2017-07-01,2011-02-08,0,0,0,
BRK-B,updated,2010-01-01,2011-02-26,3,4,66,
BRO,ok_no_gap,2020-10-01,2011-02-07,0,0,0,
BSX,updated,2010-01-01,2011-02-01,37,38,100,
BTU,updated,2010-01-01,2017-05-04,0,1,38,
BWA,updated,2011-01-01,2011-02-10,37,38,100,
BX,ok_no_gap,2022-10-01,2011-02-03,0,0,0,
BXP,updated,2010-01-01,2011-01-25,37,38,100,
C,updated,2010-01-01,2011-01-18,37,38,100,
CAG,updated,2010-01-01,2011-03-24,37,38,99,
CAH,updated,2010-01-01,2011-02-03,36,37,99,
CARR,updated,2019-07-01,2020-05-08,0,1,26,
CASY,not_in_sp500,,,0,0,0,
CAT,updated,2010-01-01,2011-01-27,37,38,100,
CB,updated,2010-01-01,2011-02-02,37,38,100,
CBOE,ok_no_gap,2016-04-01,2011-02-10,0,0,0,
CBRE,updated,2010-01-01,2011-02-03,26,27,89,
CCI,ok_no_gap,2011-04-01,2011-01-26,0,0,0,
CCL,updated,2010-01-01,2011-03-11,36,38,98,
CDNS,ok_no_gap,2016-10-01,2011-02-02,0,0,0,
CDW,ok_no_gap,2018-10-01,2013-11-01,0,0,0,
CE,ok_no_gap,2018-01-01,2011-02-01,0,0,0,
CEG,updated,2010-01-01,2022-02-25,0,1,19,
CF,updated,2010-01-01,2011-02-17,21,22,84,
CFG,ok_no_gap,2015-04-01,2014-10-27,0,0,0,
CHD,ok_no_gap,2015-01-01,2011-02-08,0,0,0,
CHK,updated,2010-01-01,2021-02-19,0,0,15,
CHRW,updated,2010-01-01,2011-02-01,37,38,100,
CHTR,ok_no_gap,2015-10-01,2012-02-27,0,0,0,
CI,updated,2010-01-01,2011-02-03,35,36,98,
CIEN,ok_no_gap,2025-04-01,2011-03-07,0,0,0,
CINF,updated,2010-01-01,2011-02-02,37,38,100,
CL,updated,2010-01-01,2011-01-27,37,38,100,
CLF,updated,2010-01-01,2011-02-16,37,38,100,
CLX,updated,2010-01-01,2011-02-04,37,38,100,
CMA,updated,2010-01-01,2011-01-18,39,39,100,
CMCSA,updated,2010-01-01,2011-02-16,35,36,98,
CME,updated,2010-01-01,2011-02-03,32,33,95,
CMG,updated,2010-07-01,2011-02-10,19,20,82,
CMI,updated,2010-01-01,2011-02-01,37,38,100,
CMS,updated,2010-01-01,2011-02-24,36,37,99,
CNC,ok_no_gap,2015-04-01,2011-02-08,0,0,0,
CNP,updated,2010-01-01,2011-03-01,37,38,100,
CNX,updated,2010-01-01,2011-01-27,37,39,100,
COF,updated,2010-01-01,2011-01-20,37,38,100,
COHR,ok_no_gap,2025-04-01,2011-01-25,0,0,0,
COIN,ok_no_gap,2024-07-01,2021-05-13,0,0,0,
COO,ok_no_gap,2015-10-01,2011-03-03,0,0,0,
COP,updated,2010-01-01,2011-01-26,37,38,100,
COR,updated,2010-01-01,2011-02-04,37,38,100,
COST,updated,2010-01-01,2011-03-02,28,29,91,
COTY,ok_no_gap,2015-10-01,2013-09-17,0,0,0,
CPAY,updated,2010-01-01,2011-02-23,0,1,63,
CPB,updated,2010-01-01,2011-02-18,38,39,100,
CPRI,updated,2010-01-01,2012-02-14,0,1,59,
CPRT,ok_no_gap,2017-10-01,2011-03-02,0,0,0,
CPT,ok_no_gap,2021-07-01,2011-02-03,0,0,0,
CRH,ok_no_gap,2025-01-01,2024-05-10,0,0,0,
CRL,ok_no_gap,2020-07-01,2011-02-08,0,0,0,
CRM,updated,2010-01-01,2011-02-24,25,26,88,
CRWD,ok_no_gap,2023-07-01,2019-07-18,0,0,0,
CSCO,updated,2010-01-01,2011-02-09,35,36,98,
CSGP,ok_no_gap,2021-10-01,2011-02-23,0,0,0,
CSX,updated,2010-01-01,2011-01-24,35,36,98,
CTAS,updated,2010-01-01,2011-03-22,25,26,87,
CTLT,ok_no_gap,2019-10-01,2014-11-13,0,0,0,
CTRA,updated,2010-01-01,2011-02-22,37,38,100,
CTSH,updated,2010-01-01,2011-02-07,37,38,100,
CTVA,updated,2018-07-01,2019-05-31,0,1,30,
CVNA,ok_no_gap,2025-01-01,2017-06-06,0,0,0,
CVS,updated,2010-01-01,2011-02-03,37,38,100,
CVX,updated,2010-01-01,2011-01-28,37,38,100,
CZR,ok_no_gap,2020-04-01,2015-03-16,0,0,0,
D,updated,2010-01-01,2011-01-28,37,38,100,
DAL,ok_no_gap,2012-10-01,2011-01-18,0,0,0,
DASH,ok_no_gap,2024-04-01,2021-03-05,0,0,0,
DAY,updated,2010-01-01,2018-05-22,0,0,30,
DD,updated,2010-01-01,2011-02-03,37,38,94,
DDOG,ok_no_gap,2024-10-01,2019-11-12,0,0,0,
DE,updated,2010-01-01,2011-02-16,37,38,100,
DECK,ok_no_gap,2023-04-01,2011-02-24,0,0,0,
DELL,updated,2010-01-01,2019-03-29,0,1,31,
DFS,updated,2010-01-01,2011-03-22,15,15,71,
DG,ok_no_gap,2012-01-01,2011-03-22,0,0,0,
DGX,updated,2010-01-01,2011-01-25,37,38,100,
DHI,updated,2010-01-01,2011-01-27,37,38,100,
DHR,updated,2010-01-01,2011-01-27,37,38,100,
DIS,updated,2010-01-01,2011-02-08,37,38,100,
DLR,ok_no_gap,2015-07-01,2011-02-18,0,0,0,
DLTR,updated,2011-01-01,2011-02-23,37,38,100,
DNB,updated,2010-01-01,2020-08-06,0,1,22,
DOC,updated,2010-01-01,2011-02-15,37,38,100,
DOV,updated,2010-01-01,2011-01-28,37,38,100,
DOW,updated,2010-01-01,2019-05-02,0,2,30,
DPZ,ok_no_gap,2019-07-01,2011-03-01,0,0,0,
DRI,updated,2010-01-01,2011-03-24,38,39,100,
DTE,updated,2010-01-01,2011-02-09,37,38,100,
DUK,updated,2010-01-01,2011-02-17,37,38,100,
DV,updated,2010-01-01,2021-05-25,0,1,22,
DVA,updated,2010-01-01,2011-02-10,37,38,100,
DVN,updated,2010-01-01,2011-02-16,37,39,100,
DXC,ok_no_gap,2016-07-01,2011-02-09,0,0,0,
DXCM,ok_no_gap,2019-07-01,2011-03-03,0,0,0,
EA,updated,2010-01-01,2011-02-01,37,38,100,
EBAY,updated,2010-01-01,2011-01-19,37,38,100,
ECL,updated,2010-01-01,2011-02-17,37,38,100,
ED,updated,2010-01-01,2011-01-20,37,38,100,
EFX,updated,2010-01-01,2011-02-09,37,38,100,
EG,updated,2010-01-01,2011-02-09,37,38,100,
EIX,updated,2010-01-01,2011-02-28,37,38,100,
EL,updated,2010-01-01,2011-02-03,37,38,100,
ELV,updated,2010-01-01,2011-01-26,37,38,100,
EME,ok_no_gap,2024-10-01,2011-02-24,0,0,0,
EMN,updated,2010-01-01,2011-01-31,37,38,100,
EMR,updated,2010-01-01,2011-02-01,37,38,100,
ENPH,ok_no_gap,2020-04-01,2012-05-10,0,0,0,
EOG,updated,2010-01-01,2011-02-17,36,37,99,
EPAM,ok_no_gap,2021-01-01,2012-03-27,0,0,0,
EQIX,ok_no_gap,2014-04-01,2011-02-09,0,0,0,
EQR,updated,2010-01-01,2011-02-02,37,38,100,
EQT,updated,2010-01-01,2011-01-27,37,38,100,
ERIE,ok_no_gap,2023-10-01,2011-02-24,0,0,0,
ES,updated,2010-01-01,2011-02-24,37,38,100,
ESS,ok_no_gap,2013-07-01,2011-02-04,0,0,0,
ETN,updated,2010-01-01,2011-01-27,37,38,100,
ETR,updated,2010-01-01,2011-02-08,35,36,98,
ETSY,ok_no_gap,2019-10-01,2015-05-19,0,0,0,
EVRG,ok_no_gap,2017-07-01,2011-02-24,0,0,0,
EW,updated,2010-04-01,2011-02-02,34,35,97,
EXC,updated,2010-01-01,2011-01-26,37,38,100,
EXE,ok_no_gap,2024-04-01,2021-03-01,0,0,0,
EXPD,updated,2010-01-01,2011-02-22,37,38,100,
EXPE,updated,2010-01-01,2011-02-10,21,22,84,
EXR,ok_no_gap,2015-04-01,2011-02-22,0,0,0,
F,updated,2010-01-01,2011-01-28,36,37,99,
FANG,ok_no_gap,2018-01-01,2012-11-16,0,0,0,
FAST,updated,2010-01-01,2011-01-18,35,36,98,
FCX,updated,2010-01-01,2011-01-20,37,38,100,
FDS,ok_no_gap,2021-01-01,2011-03-15,0,0,0,
FDX,updated,2010-01-01,2011-03-17,38,39,100,
FE,updated,2010-01-01,2011-02-16,37,38,100,
FFIV,updated,2010-01-01,2011-01-19,36,37,99,
FHN,updated,2010-01-01,2011-01-21,37,38,100,
FICO,ok_no_gap,2022-04-01,2011-01-26,0,0,0,
FIS,updated,2010-01-01,2011-02-08,37,38,100,
FISV,updated,2010-01-01,2011-02-03,34,35,97,
FITB,updated,2010-01-01,2011-01-19,35,36,98,
FIX,ok_no_gap,2025-01-01,2011-03-01,0,0,0,
FL,ok_no_gap,2015-07-01,2011-03-02,0,0,0,
FLR,updated,2010-01-01,2011-02-23,37,38,100,
FLS,updated,2010-01-01,2011-02-23,35,36,98,
FMC,updated,2010-01-01,2011-02-07,37,38,100,
FOSL,ok_no_gap,2011-07-01,2011-02-15,0,0,0,
FOX,updated,2014-10-01,2019-08-07,0,1,23,
FOXA,updated,2010-01-01,2019-05-08,0,1,30,
FRT,ok_no_gap,2015-04-01,2011-02-15,0,0,0,
FSLR,updated,2010-01-01,2011-02-24,16,17,79,
FTI,updated,2010-01-01,2017-02-24,0,2,39,
FTNT,ok_no_gap,2018-01-01,2011-01-25,0,0,0,
FTV,updated,2015-10-01,2016-08-02,0,1,41,
GD,updated,2010-01-01,2011-01-26,37,38,100,
GDDY,ok_no_gap,2023-07-01,2015-05-12,0,0,0,
GE,updated,2010-01-01,2011-01-21,35,36,98,
GEHC,updated,2022-04-01,2023-01-30,0,1,15,
GEN,updated,2010-01-01,2011-01-26,37,38,100,
GEV,updated,2023-07-01,2024-04-25,0,1,10,
GHC,updated,2010-01-01,2011-02-23,45,46,81,
GILD,updated,2010-01-01,2011-01-25,35,36,98,
GIS,updated,2010-01-01,2011-03-23,37,38,99,
GL,updated,2010-01-01,2011-02-09,37,38,100,
GLW,updated,2010-01-01,2011-01-25,37,38,100,
GM,ok_no_gap,2012-07-01,2011-02-24,0,0,0,
GME,updated,2010-01-01,2011-03-24,36,38,98,
GNRC,ok_no_gap,2020-04-01,2011-02-18,0,0,0,
GNW,updated,2010-01-01,2011-02-02,26,27,88,
GOOG,updated,2010-01-01,2011-01-20,3,4,66,
GOOGL,ok_no_gap,2013-07-01,2011-01-20,0,0,0,
GPC,updated,2010-01-01,2011-02-22,37,38,100,
GPN,ok_no_gap,2015-07-01,2011-01-06,0,0,0,
GPS,updated,2010-01-01,2011-02-22,36,36,91,
GRMN,ok_no_gap,2012-01-01,2011-02-23,0,0,0,
GS,updated,2010-01-01,2011-01-19,37,38,100,
GT,updated,2010-01-01,2011-02-10,35,36,98,
GWW,updated,2010-01-01,2011-01-25,37,38,100,
HAL,updated,2010-01-01,2011-01-24,37,38,100,
HAS,updated,2010-01-01,2011-02-07,37,38,100,
HBAN,updated,2010-01-01,2011-01-20,37,38,100,
HBI,ok_no_gap,2014-04-01,2011-01-27,0,0,0,
HCA,ok_no_gap,2014-04-01,2011-05-04,0,0,0,
HD,updated,2010-01-01,2011-02-22,37,38,100,
HES,updated,2010-01-01,2011-01-26,41,42,100,
HIG,updated,2010-01-01,2011-02-02,37,39,100,
HII,ok_no_gap,2017-04-01,2011-05-11,0,0,0,
HLT,ok_no_gap,2016-07-01,2014-02-27,0,0,0,
HOG,updated,2010-01-01,2011-01-25,37,38,100,
HOLX,ok_no_gap,2015-04-01,2011-01-31,0,0,0,
HON,updated,2010-01-01,2011-01-28,37,38,100,
HOOD,ok_no_gap,2024-10-01,2021-08-18,0,0,0,
HP,updated,2010-01-01,2011-01-27,36,37,99,
HPE,updated,2015-01-01,2015-12-17,0,1,44,
HPQ,updated,2010-01-01,2011-02-22,37,38,100,
HRB,updated,2010-01-01,2011-03-09,39,40,100,
HRL,updated,2010-01-01,2011-02-22,37,38,100,
HSIC,ok_no_gap,2014-04-01,2011-02-22,0,0,0,
HST,updated,2010-01-01,2011-02-15,35,37,98,
HSY,updated,2010-01-01,2011-02-02,37,38,100,
HUBB,ok_no_gap,2023-01-01,2011-01-27,0,0,0,
HUM,updated,2010-01-01,2011-02-07,37,38,100,
HWM,ok_no_gap,2019-04-01,2017-01-31,0,0,0,
IBKR,ok_no_gap,2024-10-01,2011-01-20,0,0,0,
IBM,updated,2010-01-01,2011-01-18,37,38,100,
ICE,updated,2010-01-01,2011-02-09,20,21,83,
IDXX,ok_no_gap,2016-04-01,2011-01-28,0,0,0,
IEX,ok_no_gap,2018-10-01,2011-02-02,0,0,0,
IFF,updated,2010-01-01,2011-02-10,37,38,100,
IGT,updated,2010-01-01,2015-05-13,0,1,42,
ILMN,ok_no_gap,2015-01-01,2011-02-08,0,0,0,
INCY,ok_no_gap,2016-04-01,2011-02-10,0,0,0,
INTC,updated,2010-01-01,2011-01-13,35,36,98,
INTU,updated,2010-01-01,2011-02-18,37,39,100,
INVH,ok_no_gap,2021-10-01,2017-03-30,0,0,0,
IP,updated,2010-01-01,2011-02-03,37,38,100,
IPG,updated,2010-01-01,2011-02-25,36,39,97,
IPGP,ok_no_gap,2017-04-01,2011-02-25,0,0,0,
IQV,updated,2010-01-01,2013-08-01,0,1,53,
IR,ok_no_gap,2019-04-01,2017-08-02,0,0,0,
IRM,updated,2010-01-01,2011-02-24,37,38,100,
ISRG,updated,2010-01-01,2011-01-20,34,35,97,
IT,ok_no_gap,2016-07-01,2011-02-07,0,0,0,
ITT,updated,2010-01-01,2011-02-03,37,38,100,
ITW,updated,2010-01-01,2011-01-31,37,38,100,
IVZ,updated,2010-01-01,2011-01-27,37,38,100,
J,updated,2010-01-01,2011-01-25,37,38,100,
JBHT,ok_no_gap,2014-07-01,2011-01-28,0,0,0,
JBL,updated,2010-01-01,2011-03-22,35,36,97,
JCI,updated,2010-01-01,2011-01-20,35,36,98,
JEF,updated,2010-01-01,2011-02-25,1,3,64,
JKHY,ok_no_gap,2018-01-01,2011-02-01,0,0,0,
JNJ,updated,2010-01-01,2011-01-25,37,38,100,
JNPR,updated,2010-01-01,2011-01-25,40,41,99,
JPM,updated,2010-01-01,2011-01-14,37,38,100,
JWN,updated,2010-01-01,2011-02-17,43,43,100,
K,updated,2010-01-01,2011-02-03,39,40,100,
KDP,ok_no_gap,2021-07-01,2018-11-07,0,0,0,
KEY,updated,2010-01-01,2011-01-25,36,37,99,
KEYS,ok_no_gap,2018-01-01,2014-12-22,0,0,0,
KHC,updated,2014-10-01,2015-11-05,0,1,43,
KIM,updated,2010-01-01,2011-02-09,37,38,100,
KKR,ok_no_gap,2023-07-01,2011-02-23,0,0,0,
KLAC,updated,2010-01-01,2011-01-27,35,36,98,
KMB,updated,2010-01-01,2011-01-25,37,38,100,
KMI,ok_no_gap,2011-07-01,2011-04-20,0,0,0,
KMX,updated,2010-01-01,2011-03-31,34,34,95,
KO,updated,2010-01-01,2011-02-09,37,38,100,
KR,updated,2010-01-01,2011-03-03,36,37,98,
KSS,updated,2010-01-01,2011-02-24,37,38,100,
KVUE,updated,2022-10-01,2023-07-20,0,1,13,
L,updated,2010-01-01,2011-02-08,46,46,83,
LDOS,ok_no_gap,2018-10-01,2011-03-23,0,0,0,
LEG,updated,2010-01-01,2011-02-01,37,38,100,
LEN,updated,2010-01-01,2011-01-11,31,32,94,
LH,updated,2010-01-01,2011-02-10,37,38,100,
LHX,updated,2010-01-01,2011-01-26,39,40,100,
LIFE,updated,2010-01-01,2015-06-01,0,1,41,
LII,ok_no_gap,2024-01-01,2011-02-03,0,0,0,
LIN,updated,2010-01-01,2011-01-26,35,36,98,
LITE,ok_no_gap,2025-04-01,2015-08-12,0,0,0,
LKQ,ok_no_gap,2015-07-01,2011-02-24,0,0,0,
LLY,updated,2010-01-01,2011-01-27,37,38,100,
LMT,updated,2010-01-01,2011-01-27,37,38,100,
LNC,updated,2010-01-01,2011-02-02,37,38,100,
LNT,ok_no_gap,2015-07-01,2011-02-10,0,0,0,
LOW,updated,2010-01-01,2011-02-23,36,37,99,
LRCX,ok_no_gap,2011-07-01,2011-01-26,0,0,0,
LULU,ok_no_gap,2023-01-01,2011-03-17,0,0,0,
LUMN,updated,2010-01-01,2011-02-15,37,38,100,
LUV,updated,2010-01-01,2011-01-20,37,38,100,
LVS,ok_no_gap,2019-01-01,2011-02-03,0,0,0,
LW,ok_no_gap,2018-01-01,2017-01-10,0,0,0,
LYB,ok_no_gap,2011-10-01,2011-02-18,0,0,0,
LYV,ok_no_gap,2019-01-01,2011-02-28,0,0,0,
M,updated,2010-01-01,2011-02-22,37,38,100,
MA,updated,2010-01-01,2011-02-03,18,19,81,
MAA,ok_no_gap,2016-01-01,2011-02-03,0,0,0,
MAC,ok_no_gap,2012-07-01,2011-02-08,0,0,0,
MAR,updated,2010-01-01,2011-02-14,37,38,100,
MAS,updated,2010-01-01,2011-02-14,37,38,100,
MAT,updated,2010-01-01,2011-02-02,37,38,100,
MBC,not_in_sp500,,,0,0,0,
MCD,updated,2010-01-01,2011-01-24,37,38,100,
MCHP,updated,2010-01-01,2011-01-27,36,37,99,
MCK,updated,2010-01-01,2011-01-31,37,38,100,
MCO,updated,2010-01-01,2011-02-03,37,38,100,
MDLZ,ok_no_gap,2012-01-01,2011-02-10,0,0,0,
MDT,updated,2010-01-01,2011-02-22,35,36,98,
MET,updated,2010-01-01,2011-02-09,37,38,100,
META,updated,2010-01-01,2012-07-26,0,1,57,
MGM,ok_no_gap,2016-10-01,2011-02-14,0,0,0,
MHK,ok_no_gap,2013-01-01,2011-02-22,0,0,0,
MI,updated,2010-01-01,2018-04-02,0,0,4,
MKC,updated,2010-01-01,2011-01-26,27,28,90,
MKTX,ok_no_gap,2018-07-01,2011-02-02,0,0,0,
MLM,ok_no_gap,2013-10-01,2011-02-08,0,0,0,
MMI,updated,2010-04-01,2014-03-11,0,2,51,
MMM,updated,2010-01-01,2011-01-25,37,38,100,
MNST,ok_no_gap,2011-07-01,2011-02-24,0,0,0,
MO,updated,2010-01-01,2011-01-27,37,38,100,
MOH,ok_no_gap,2021-04-01,2011-02-17,0,0,0,
MOS,updated,2010-10-01,2011-07-18,0,1,59,
MPC,updated,2010-07-01,2011-08-02,0,1,61,
MPWR,ok_no_gap,2020-04-01,2011-02-03,0,0,0,
MRK,updated,2010-01-01,2011-02-03,37,38,100,
MRNA,ok_no_gap,2020-10-01,2019-03-13,0,0,0,
MRO,updated,2010-01-01,2011-02-02,44,45,100,
MRSH,updated,2010-01-01,2011-02-15,37,38,100,
MS,updated,2010-01-01,2011-01-20,36,37,99,
MSCI,ok_no_gap,2017-07-01,2011-01-13,0,0,0,
MSFT,updated,2010-01-01,2011-01-28,34,35,97,
MSI,updated,2010-01-01,2011-01-27,37,38,100,
MTB,updated,2010-01-01,2011-01-14,37,38,100,
MTCH,ok_no_gap,2020-10-01,2020-08-04,0,0,0,
MTD,ok_no_gap,2015-10-01,2011-02-10,0,0,0,
MU,updated,2010-01-01,2011-03-23,30,31,92,
MUR,updated,2010-01-01,2011-01-26,37,38,100,
NAVI,updated,2013-07-01,2014-05-09,0,1,50,
NBR,updated,2010-01-01,2011-02-15,35,36,98,
NCLH,ok_no_gap,2017-01-01,2013-02-11,0,0,0,
NDAQ,updated,2010-01-01,2011-02-02,32,33,95,
NDSN,ok_no_gap,2021-04-01,2011-02-22,0,0,0,
NE,updated,2010-01-01,2021-05-05,0,1,22,
NEE,updated,2010-01-01,2011-01-25,35,36,98,
NEM,updated,2010-01-01,2011-02-24,37,38,100,
NFLX,updated,2010-01-01,2011-01-26,11,12,69,
NI,updated,2010-01-01,2011-02-01,37,39,100,
NKE,updated,2010-01-01,2011-03-17,38,39,100,
NKTR,ok_no_gap,2017-04-01,2011-03-01,0,0,0,
NOC,updated,2010-01-01,2011-02-09,37,38,100,
NOV,updated,2010-01-01,2011-02-03,37,40,100,
NOW,ok_no_gap,2019-01-01,2012-08-01,0,0,0,
NRG,updated,2010-01-01,2011-02-22,24,26,87,
NSC,updated,2010-01-01,2011-01-25,37,38,100,
NTAP,updated,2010-01-01,2011-02-16,37,38,100,
NTRS,updated,2010-01-01,2011-01-19,37,38,100,
NUE,updated,2010-01-01,2011-01-27,37,38,100,
NVDA,updated,2010-01-01,2011-02-16,10,11,71,
NVR,ok_no_gap,2018-10-01,2011-01-27,0,0,0,
NWL,updated,2010-01-01,2011-01-27,34,36,97,
NWS,ok_no_gap,2014-10-01,2013-09-20,0,0,0,
NWSA,updated,2012-07-01,2013-09-20,0,1,53,
NXPI,ok_no_gap,2020-04-01,2011-02-15,0,0,0,
O,ok_no_gap,2014-07-01,2011-02-10,0,0,0,
ODFL,ok_no_gap,2019-01-01,2011-02-02,0,0,0,
OGN,updated,2020-07-01,2021-06-21,0,1,22,
OI,updated,2010-01-01,2011-01-26,37,38,100,
OKE,updated,2010-01-01,2011-02-21,36,37,99,
OMC,updated,2010-01-01,2011-02-15,37,38,100,
ON,ok_no_gap,2021-07-01,2011-02-03,0,0,0,
ORCL,updated,2010-01-01,2011-03-24,36,37,98,
ORLY,updated,2010-01-01,2011-02-16,35,36,98,
OTIS,updated,2019-07-01,2020-05-07,0,1,26,
OXY,updated,2010-01-01,2011-01-26,37,38,100,
PANW,ok_no_gap,2022-07-01,2012-09-10,0,0,0,
PAYC,ok_no_gap,2019-04-01,2014-05-21,0,0,0,
PAYX,updated,2010-01-01,2011-03-23,38,39,100,
PBI,updated,2010-01-01,2011-02-08,37,40,100,
PCAR,updated,2010-01-01,2011-02-01,35,36,98,
PCG,updated,2010-01-01,2011-02-17,37,38,100,
PDCO,updated,2010-01-01,2011-02-24,43,43,100,
PEG,updated,2010-01-01,2011-02-22,37,38,100,
PENN,ok_no_gap,2020-04-01,2011-02-03,0,0,0,
PEP,updated,2010-01-01,2011-02-10,35,36,98,
PFE,updated,2010-01-01,2011-02-01,37,38,100,
PFG,updated,2010-01-01,2011-02-07,37,38,100,
PG,updated,2010-01-01,2011-01-27,37,38,100,
PGR,updated,2010-01-01,2011-01-20,37,38,100,
PH,updated,2010-01-01,2011-01-20,37,38,100,
PHM,updated,2010-01-01,2011-02-04,37,38,100,
PKG,ok_no_gap,2016-10-01,2011-01-24,0,0,0,
PLD,updated,2010-01-01,2011-07-28,0,1,61,
PLL,updated,2010-01-01,2022-05-06,0,1,15,
PLTR,ok_no_gap,2023-10-01,2020-11-12,0,0,0,
PM,updated,2010-01-01,2011-02-10,11,12,74,
PNC,updated,2010-01-01,2011-01-20,37,38,100,
PNR,ok_no_gap,2011-10-01,2011-02-01,0,0,0,
PNW,updated,2010-01-01,2011-02-18,37,39,100,
PODD,ok_no_gap,2022-04-01,2011-02-15,0,0,0,
POOL,ok_no_gap,2020-01-01,2011-02-17,0,0,0,
PPG,updated,2010-01-01,2011-01-20,37,38,100,
PPL,updated,2010-01-01,2011-02-04,37,38,100,
PRGO,updated,2011-01-01,2011-02-01,36,37,97,
PRU,updated,2010-01-01,2011-02-09,36,37,99,
PSA,updated,2010-01-01,2011-02-25,26,27,89,
PSKY,updated,2010-01-01,2025-11-10,0,1,4,
PSX,updated,2011-07-01,2012-05-16,0,1,58,
PTC,ok_no_gap,2020-07-01,2011-01-26,0,0,0,
PVH,ok_no_gap,2012-04-01,2011-03-28,0,0,0,
PWR,updated,2010-01-01,2011-02-23,37,38,100,
PYPL,updated,2014-10-01,2015-07-29,0,1,45,
Q,updated,2010-01-01,2025-11-18,0,1,4,
QCOM,updated,2010-01-01,2011-01-26,37,38,100,
QRVO,ok_no_gap,2014-07-01,2011-01-25,0,0,0,
R,updated,2010-01-01,2011-02-03,37,38,100,
RCL,ok_no_gap,2014-01-01,2011-01-27,0,0,0,
REG,ok_no_gap,2016-04-01,2011-03-01,0,0,0,
REGN,ok_no_gap,2012-07-01,2011-02-17,0,0,0,
RF,updated,2010-01-01,2011-01-25,37,38,100,
RHI,updated,2010-01-01,2011-01-26,37,38,100,
RIG,ok_no_gap,2013-01-01,2011-02-23,0,0,0,
RJF,ok_no_gap,2016-04-01,2011-01-19,0,0,0,
RL,updated,2010-01-01,2011-02-09,37,38,100,
RMD,ok_no_gap,2016-10-01,2011-01-27,0,0,0,
ROK,updated,2010-01-01,2011-01-26,37,38,100,
ROL,ok_no_gap,2017-10-01,2011-01-26,0,0,0,
ROP,updated,2010-01-01,2011-01-31,37,38,100,
ROST,updated,2010-01-01,2011-03-17,37,38,100,
RRC,updated,2010-01-01,2011-03-01,37,38,100,
RSG,updated,2010-01-01,2011-02-10,37,38,100,
RTX,updated,2010-01-01,2011-01-26,37,38,100,
RVTY,updated,2010-01-01,2011-02-03,37,38,100,
S,updated,2010-01-01,2021-09-08,0,2,21,
SATS,ok_no_gap,2025-04-01,2011-02-24,0,0,0,
SBAC,ok_no_gap,2016-10-01,2011-02-24,0,0,0,
SBNY,ok_no_gap,2021-01-01,2011-01-25,0,0,0,
SBUX,updated,2010-01-01,2011-01-26,36,37,99,
SCHW,updated,2010-01-01,2011-01-18,37,38,100,
SE,updated,2010-01-01,2017-11-21,0,1,36,
SEDG,ok_no_gap,2021-01-01,2015-05-07,0,0,0,
SEE,updated,2010-01-01,2011-01-24,38,39,100,
SHW,updated,2010-01-01,2011-01-25,35,36,98,
SIG,ok_no_gap,2014-10-01,2011-03-30,0,0,0,
SJM,updated,2010-01-01,2011-02-17,38,39,100,
SLB,updated,2010-01-01,2011-01-21,37,38,100,
SLE,updated,2010-01-01,2019-05-14,0,1,29,
SLG,ok_no_gap,2014-04-01,2011-01-24,0,0,0,
SLM,updated,2010-01-01,2011-01-19,35,36,98,
SMCI,ok_no_gap,2023-04-01,2011-01-25,0,0,0,
SNA,updated,2010-01-01,2011-02-03,37,38,100,
SNDK,updated,2010-01-01,2025-05-07,0,1,6,
SNPS,ok_no_gap,2016-04-01,2011-02-16,0,0,0,
SO,updated,2010-01-01,2011-01-26,37,38,100,
SOLS,not_in_sp500,,,0,0,0,
SOLV,updated,2023-04-01,2024-05-09,0,1,10,
SPG,updated,2010-01-01,2011-02-04,37,38,100,
SPGI,updated,2010-01-01,2011-02-01,37,38,100,
SRCL,updated,2010-01-01,2011-02-03,44,44,100,
SRE,updated,2010-01-01,2011-02-24,35,36,98,
STE,ok_no_gap,2019-01-01,2011-02-08,0,0,0,
STLD,ok_no_gap,2022-01-01,2011-01-24,0,0,0,
STT,updated,2010-01-01,2011-01-19,37,38,100,
STX,ok_no_gap,2011-10-01,2011-01-19,0,0,0,
STZ,updated,2010-01-01,2011-01-06,31,31,93,
SUN,updated,2010-01-01,2012-11-07,0,1,56,
SW,updated,2010-01-01,2024-08-09,0,1,9,
SWK,updated,2010-01-01,2011-01-27,37,38,100,
SWKS,ok_no_gap,2014-04-01,2011-01-20,0,0,0,
SWN,updated,2010-01-01,2011-02-24,43,44,98,
SYF,ok_no_gap,2015-01-01,2014-10-17,0,0,0,
SYK,updated,2010-01-01,2011-01-25,37,38,100,
SYY,updated,2010-01-01,2011-02-07,37,38,100,
T,updated,2010-01-01,2011-01-27,37,38,100,
TAP,updated,2010-01-01,2011-02-10,37,38,100,
TDC,updated,2010-01-01,2011-02-10,12,13,75,
TDG,ok_no_gap,2015-07-01,2011-02-07,0,0,0,
TDY,ok_no_gap,2019-07-01,2011-01-27,0,0,0,
TE,updated,2010-01-01,2021-08-12,0,1,21,
TECH,ok_no_gap,2020-10-01,2011-02-01,0,0,0,
TEL,updated,2011-01-01,2011-01-20,14,15,77,
TER,updated,2010-01-01,2011-01-26,37,38,100,
TFC,updated,2010-01-01,2011-01-21,34,35,97,
TFX,ok_no_gap,2018-04-01,2011-02-24,0,0,0,
TGNA,updated,2010-01-01,2011-01-31,39,39,97,
TGT,updated,2010-01-01,2011-02-24,37,38,100,
THC,updated,2010-01-01,2011-02-25,36,37,99,
TJX,updated,2010-01-01,2011-02-23,35,36,98,
TKO,ok_no_gap,2024-04-01,2023-11-07,0,0,0,
TMO,updated,2010-01-01,2011-02-02,37,38,100,
TMUS,ok_no_gap,2018-10-01,2013-08-08,0,0,0,
TPL,ok_no_gap,2024-01-01,2020-01-30,0,0,0,
TPR,updated,2010-01-01,2011-01-25,38,39,100,
TRGP,ok_no_gap,2022-01-01,2011-02-24,0,0,0,
TRIP,updated,2011-01-01,2012-01-05,0,1,60,
TRMB,ok_no_gap,2020-04-01,2011-02-03,0,0,0,
TROW,updated,2010-01-01,2011-01-28,37,38,100,
TRV,updated,2010-01-01,2011-01-25,35,36,98,
TSCO,ok_no_gap,2013-04-01,2011-01-26,0,0,0,
TSLA,ok_no_gap,2020-01-01,2011-02-15,0,0,0,
TSN,updated,2010-01-01,2011-02-04,37,38,100,
TT,updated,2010-01-01,2011-02-09,37,38,100,
TTD,ok_no_gap,2024-10-01,2016-11-10,0,0,0,
TTWO,ok_no_gap,2017-04-01,2011-02-08,0,0,0,
TXN,updated,2010-01-01,2011-01-24,37,38,100,
TXT,updated,2010-01-01,2011-01-26,37,38,100,
TYL,ok_no_gap,2019-07-01,2011-02-23,0,0,0,
UA,updated,2015-07-01,2016-04-21,0,2,21,
UAA,updated,2010-01-01,2011-01-27,18,20,79,
UAL,ok_no_gap,2014-10-01,2011-01-26,0,0,0,
UBER,ok_no_gap,2023-01-01,2019-05-30,0,0,0,
UDR,ok_no_gap,2015-04-01,2011-02-07,0,0,0,
UHS,ok_no_gap,2013-10-01,2011-02-28,0,0,0,
ULTA,ok_no_gap,2015-07-01,2011-03-10,0,0,0,
UNH,updated,2010-01-01,2011-01-20,37,38,100,
UNM,updated,2010-01-01,2011-02-02,37,38,100,
UNP,updated,2010-01-01,2011-01-20,37,38,100,
UPS,updated,2010-01-01,2011-02-01,37,38,100,
URBN,updated,2010-01-01,2011-03-07,37,38,100,
URI,ok_no_gap,2013-10-01,2011-02-01,0,0,0,
USB,updated,2010-01-01,2011-01-19,37,38,100,
V,updated,2010-01-01,2011-02-02,11,12,74,
VEEV,not_in_sp500,,,0,0,0,
VFC,updated,2010-01-01,2011-02-22,37,39,100,
VICI,ok_no_gap,2021-07-01,2018-03-08,0,0,0,
VLO,updated,2010-01-01,2011-01-26,37,38,100,
VLTO,updated,2023-01-01,2023-10-25,0,1,12,
VMC,updated,2010-01-01,2011-02-02,37,38,100,
VNO,updated,2010-01-01,2011-02-23,32,33,95,
VNT,updated,2020-01-01,2020-10-29,0,1,24,
VRSK,ok_no_gap,2015-01-01,2011-02-28,0,0,0,
VRSN,updated,2010-01-01,2011-01-27,35,36,98,
VRT,ok_no_gap,2025-04-01,2020-05-05,0,0,0,
VRTX,ok_no_gap,2012-10-01,2011-02-03,0,0,0,
VST,ok_no_gap,2023-07-01,2017-05-18,0,0,0,
VTR,updated,2010-01-01,2011-02-17,37,38,100,
VTRS,updated,2010-01-01,2011-02-24,36,37,99,
VZ,updated,2010-01-01,2011-01-25,37,38,100,
WAB,ok_no_gap,2018-04-01,2011-02-22,0,0,0,
WAT,updated,2010-01-01,2011-01-25,37,38,100,
WBA,updated,2010-01-01,2011-03-22,34,35,93,
WBD,ok_no_gap,2021-07-01,2011-02-11,0,0,0,
WDAY,ok_no_gap,2024-01-01,2012-11-28,0,0,0,
WDC,updated,2010-01-01,2011-01-18,37,38,100,
WEC,updated,2010-01-01,2011-02-01,37,38,100,
WELL,updated,2010-01-01,2011-02-16,34,35,97,
WFC,updated,2010-01-01,2011-01-19,37,38,100,
WHR,updated,2010-01-01,2011-02-02,37,38,100,
WM,updated,2010-01-01,2011-02-17,37,38,100,
WMB,updated,2010-01-01,2011-02-17,37,38,100,
WMT,updated,2010-01-01,2011-02-22,35,36,98,
WRB,ok_no_gap,2019-01-01,2011-02-02,0,0,0,
WSM,ok_no_gap,2024-04-01,2011-03-15,0,0,0,
WST,ok_no_gap,2019-07-01,2011-02-17,0,0,0,
WTW,updated,2010-01-01,2011-02-09,21,22,84,
WU,updated,2010-01-01,2011-02-01,17,18,80,
WY,updated,2010-01-01,2011-02-04,37,39,100,
WYNN,updated,2010-01-01,2011-02-10,29,30,92,
X,updated,2010-01-01,2011-01-25,41,42,100,
XEL,updated,2010-01-01,2011-01-27,37,38,100,
XOM,updated,2010-01-01,2011-01-31,37,38,100,
XRAY,updated,2010-01-01,2011-02-09,37,38,100,
XRX,updated,2010-01-01,2011-01-26,36,37,99,
XYL,updated,2011-01-01,2011-11-21,0,1,60,
XYZ,ok_no_gap,2024-10-01,2016-03-10,0,0,0,
YUM,updated,2010-01-01,2011-02-02,37,38,100,
ZBH,updated,2010-01-01,2011-01-27,37,38,100,
ZBRA,ok_no_gap,2019-01-01,2011-02-15,0,0,0,
ZION,updated,2010-01-01,2011-01-24,37,38,100,
ZTS,updated,2012-07-01,2013-03-29,0,1,55,
